Pollutant,ARIMA_RMSE,ARIMA_MAE,Prophet_RMSE,Prophet_MAE,LSTM_RMSE,LSTM_MAE
PM2.5,11.659504016428306,9.894796056950245,11.858293246417341,9.89790064191913,17.556311377190497,15.045731742953071
PM10,15.237955790210599,12.70970519074454,15.397863918842786,12.781860562326804,14.860459262750348,12.45659609947676
NO2,3.1384468589167898,2.57599259470804,3.304477357931425,2.6769653600508914,5.781642622159969,4.87872455851237
SO2,2.738063736680276,2.3699337958886093,2.703250405377755,2.3277631829818497,2.8783665499554982,2.4999731952054995
O3,5.163833836077868,4.064532572361141,5.236274712652507,4.149744129473525,15.005398643769825,13.742960714081187
