Pollutant,ARIMA_RMSE,ARIMA_MAE,Prophet_RMSE,Prophet_MAE,LSTM_RMSE,LSTM_MAE
PM2.5,11.659504016428306,9.894796056950245,11.858293246417341,9.89790064191913,39.782813512553794,35.31896231342834
PM10,15.237955790210599,12.70970519074454,15.397863918842786,12.781860562326804,25.975157896074045,21.78420478123795
NO2,3.1384468589167898,2.57599259470804,3.304477357931425,2.6769653600508914,4.176419707842645,3.386189671645929
SO2,2.738063736680276,2.3699337958886093,2.703250405377755,2.3277631829818497,5.135110372559776,4.4276023832721485
O3,5.163833836077868,4.064532572361141,5.236274712652507,4.149744129473525,11.049667337341718,9.79174968427493
